{"text": " Hello, this is a test, A, B, C, D, 1, 2, 3.", "segments": [{"id": 0, "seek": 0, "start": 0.0, "end": 6.36, "text": " Hello, this is a test, A, B, C, D, 1, 2, 3.", "tokens": [50364, 2425, 11, 341, 307, 257, 1500, 11, 316, 11, 363, 11, 383, 11, 413, 11, 502, 11, 568, 11, 805, 13, 50682], "temperature": 0.0, "avg_logprob": -0.3163399298985799, "compression_ratio": 0.8775510204081632, "no_speech_prob": 0.02372227981686592}], "language": "en"}